{
  "malonyl": 42.03668,
  "CYC": -15.999,
  "KR": 2.016,
  "MET": 15.03452,
  "OXY": 15.999,
  "GT": 180.156,
  "HAL": {
    "cl": 35.45
  },
  "starter_unit": {
    "2-methylbutyryl-CoA": 85.12396,
    "acetyl-CoA": 43.04422,
    "anthraniloyl-CoA": 120.12854,
    "aziridinyl-CoA": 87.0768,
    "benzoyl-CoA": 105.1136,
    "butyryl-CoA": 71.09738,
    "hexadienyl-CoA": 95.11878,
    "hexanoyl-CoA": 99.15054,
    "isobutyryl-CoA": 71.09738,
    "malonamyl-CoA": 86.06886,
    "propionyl-CoA": 57.0708
  }
}
